{
    "dji fc330 2048 1536 brown 0.5555 rgb": {
        "projection_type": "brown",
        "width": 2048,
        "height": 1536,
        "focal_x": 0.5675645720115157,
        "focal_y": 0.5675645720115157,
        "c_x": -0.0031687151259227595,
        "c_y": -0.012335710851931145,
        "k1": -0.0035261477115544953,
        "k2": 0.0006571292078114343,
        "p1": -0.00024999352086827305,
        "p2": 0.0002101851524261031,
        "k3": -0.00016861752223380766
    }
}